item_key,model,k,pew_dist,argyle_n_valid,tv_argyle,ppa_n_valid,tv_ppa,describe_raw,tv_describe
GUN_W26,llama31-instruct,2,"[0.3232003891050584, 0.6767996108949417]",99,0.0706751365798058,99,0.0101329442282749,"Based on the Pew Research Center's 2020 survey data, the distribution of responses to the question ""Do you personally own any guns (not including air guns, such as paintball, BB or pellet guns)?"" is as follows:

- 31% of U.S. adults own a gun.
- 69% of U.S. adults do not own a gun.

Here's a JSON object representing the estimated distribution of responses:

```json
{
  ""distribution"": [0.31, 0.69]
}
```

Note: These figures are based on the 2020 survey data and may have changed since then.",0.0132003891050583
GUN1_W26,llama31-instruct,2,"[0.28032148075986363, 0.7196785192401364]",99,0.0025068020684192,99,0.1944259939876111,"I'll provide an estimate based on a Pew Research Center survey conducted in 2019. According to the survey, the distribution of responses to the question ""Does anyone else in your household own any guns (not including air guns, such as paintball, BB or pellet guns)?"" is as follows:

- 31% of respondents answered ""Yes, someone else in my household owns a gun""
- 69% of respondents answered ""No, no one else in my household owns a gun""

Here's the estimated distribution in JSON format:

```json
{
  ""distribution"": [
    0.31,
    0.69
  ]
}
```

Please note that these figures are based on a specifi",0.0296785192401363
EVEROWN_W26,llama31-instruct,2,"[0.15931108719052745, 0.8406889128094726]",99,0.2043252764458362,99,0.2548303269508867,"Estimating the distribution of responses to this survey item is a complex task that requires access to actual survey data. However, based on general trends and available data, I can provide a hypothetical estimate.

According to a 2020 survey conducted by the Pew Research Center, about 31% of U.S. adults reported owning a gun, while 69% reported not owning a gun.

Here's a JSON object representing the estimated distribution of responses:

```json
{
  ""distribution"": [
    0.31,  // Probability of responding ""Yes, have owned a gun""
    0.69  // Probability of responding ""No, have never owned a ",0.1506889128094725
NEVEROWN_W26,llama31-instruct,2,"[0.7121212121212122, 0.2878787878787879]",99,0.2777777777777778,99,0.297979797979798,"I couldn't find the exact Pew survey data for this specific question. However, I can provide a hypothetical estimate based on a general understanding of gun ownership attitudes in the United States.

According to a 2020 Pew Research Center survey, about 44% of U.S. adults say they own a gun, while 56% do not. Additionally, a 2020 Gallup survey found that 31% of Americans say they have a gun in their household.

Assuming a representative sample of U.S. adults, I'll estimate the distribution of responses to the given survey item as follows:

- Option 1: ""I could never see myself not owning a gun",0.2721212121212121
EVERSHOT_W26,llama31-instruct,2,"[0.7690086621751684, 0.23099133782483156]",99,0.5568874500539562,99,0.3043621975287037,"Estimating the distribution of responses to this survey item is a complex task that requires access to actual survey data. However, based on general trends and available data, I can provide a hypothetical estimate.

According to a 2020 survey conducted by the Pew Research Center, about 42% of U.S. adults have a gun in their household, and among those, about 70% have fired a gun at some point in their lives. Assuming that the distribution of gun ownership and gun firing is roughly similar across the U.S. adult population, we can make an educated estimate.

Let's assume that about 40% of U.S. ad",0.3940086621751684
GUNSOCIETY_W26,llama31-instruct,2,"[0.4267578125, 0.5732421875]",100,0.0267578124999999,100,0.0832421875,"I'm unable to provide a specific estimate of the distribution of responses to the Pew survey item. However, I can provide a general estimate based on Pew Research Center's past surveys on gun ownership and public opinion.

According to a 2020 Pew Research Center survey, 54% of U.S. adults said that society looks at most gun owners in a positive way, while 34% said it looks at them in a negative way. The remaining 12% were unsure or had no opinion.

Based on this data, a possible estimate of the distribution of responses could be:

```json
{
  ""distribution"": [0.54, 0.46]
}
```

However, please",0.1132421875
GUNCOMMUNITY_W26,llama31-instruct,2,"[0.6387460200832721, 0.3612539799167279]",100,0.108746020083272,100,0.0387460200832721,"I can provide an estimate based on a Pew Research Center survey conducted in 2020. The survey found that 54% of U.S. adults reported that people in their local community tend to look at most gun owners in a positive way, while 41% said they look at most gun owners in a negative way.

Here's a JSON object representing the estimated distribution of responses:

```json
{
  ""distribution"": [0.54, 0.46]
}
```

Note: The values are based on the 2020 Pew Research Center survey and may not reflect the current opinions of U.S. adults.",0.098746020083272
GUNCOURSES_W26,llama31-instruct,2,"[0.38229618909792573, 0.6177038109020743]",99,0.1701749769767135,99,0.0823502755485389,"Based on the Pew Research Center's 2020 survey on gun ownership and attitudes, the distribution of responses to the question ""Have you ever taken any gun safety courses such as weapons training, hunter safety or firearm safety?"" can be estimated as follows:

- 34% of U.S. adults have taken gun safety courses.
- 66% of U.S. adults have not taken gun safety courses.

Here's the JSON object representing the distribution of responses:

```json
{
  ""distribution"": [0.34, 0.66]
}
```

Please note that these figures are based on a specific survey and may not reflect the current distribution of respon",0.0422961890979257
WORLDDANGER_W26,llama31-instruct,3,"[0.0969449121962954, 0.704354101515516, 0.1987009862881886]",100,0.304354101515516,100,0.414354101515516,"I'll provide an estimate based on a Pew Research Center survey conducted in 2020. The survey asked a similar question to the one you provided.

According to the survey, the distribution of responses was:

- 44% of respondents thought the world is a more dangerous place than it was 50 years ago.
- 31% thought the world is neither safer nor more dangerous.
- 25% thought the world is a safer place than it was 50 years ago.

Here's a JSON object representing the estimated distribution:

```json
{
  ""distribution"": [
    0.25,  // 25% of respondents thought the world is a safer place
    0.31,  // ",0.394354101515516
WORRYA_W26,llama31-instruct,3,"[0.11707789066279632, 0.5892597968069666, 0.29366231253023706]",100,0.173662312530237,100,0.0807402031930334,"Based on the Pew Research Center's 2020 survey on crime and public safety, here's an estimated distribution of responses to the question:

According to the survey, 34% of respondents worry a lot, 31% worry a little, and 35% do not worry at all.

Here's the estimated distribution in JSON format:

```json
{
  ""distribution"": [
    0.34,  // Worry a lot
    0.31,  // Worry a little
    0.35   // Do not worry at all
  ]
}
```

Please note that these figures are based on a specific survey and may not reflect the current opinions or attitudes of U.S. adults.",0.2792597968069666
WORRYB_W26,llama31-instruct,3,"[0.08619854721549637, 0.4450363196125908, 0.4687651331719128]",100,0.2749636803874091,100,0.2987651331719128,"Based on a Pew Research Center survey conducted in 2020, the distribution of responses to the question ""How much, if at all, do you worry about the following happening to you? Being the victim of a terrorist attack"" among U.S. adults is as follows:

- 44% of respondents said they worry a lot
- 31% said they worry a little
- 25% said they do not worry at all

Here's a JSON object representing the estimated distribution of responses:

```json
{
  ""distribution"": [
    0.44,  // 44% of respondents worry a lot
    0.31,  // 31% of respondents worry a little
    0.25   // 25% of respondents do not ",0.3538014527845036
WORRYC_W26,llama31-instruct,3,"[0.1543726235741445, 0.4091254752851711, 0.43650190114068443]",100,0.4108745247148289,100,0.3508745247148289,"Based on the Pew Research Center's 2020 survey on economic anxiety, I'll estimate the distribution of responses to the given question. The survey found that:

- 22% of respondents worried a lot about losing their job
- 34% worried a little
- 44% did not worry at all

Here's the estimated distribution in JSON format:

```json
{
  ""distribution"": [
    0.22,  // Worry a lot
    0.34,  // Worry a little
    0.44   // Do not worry at all
  ]
}
```",0.069125475285171
WORRYD_W26,llama31-instruct,3,"[0.2295160517489219, 0.42453282223287014, 0.34595112601820793]",100,0.2654671777671298,100,0.265951126018208,"Based on the Pew Research Center's 2022 survey on financial stress, here's an estimated distribution of responses to the question:

According to the survey, 34% of U.S. adults worry a lot, 31% worry a little, and 35% do not worry at all about not being able to pay their bills.

Here's the estimated distribution in JSON format:

```json
{
  ""distribution"": [
    0.34,  // Worry a lot
    0.31,  // Worry a little
    0.35   // Do not worry at all
  ]
}
```

Please note that these figures are estimates based on a specific survey and may not reflect the current or actual distribution of responses.",0.1145328222328701
WORRYE_W26,llama31-instruct,3,"[0.07446300715990453, 0.5221957040572792, 0.4033412887828162]",100,0.2578042959427208,100,0.2533412887828162,"Based on the 2020 Pew Research Center survey data, the distribution of responses to the question ""How much, if at all, do you worry about the following happening to you? Being the victim of a violent crime"" among U.S. adults is as follows:

- 14% of respondents worry a lot
- 34% of respondents worry a little
- 52% of respondents do not worry at all

Here is the JSON object representing the distribution:

```json
{
  ""distribution"": [0.14, 0.34, 0.52]
}
```",0.1821957040572792
WORRYF_W26,llama31-instruct,3,"[0.06118546845124283, 0.3365200764818356, 0.6022944550669216]",100,0.4622944550669216,100,0.4522944550669215,"Based on a Pew Research Center survey conducted in 2020, the distribution of responses to the question ""How much, if at all, do you worry about the following happening to you? Being the victim of a mass shooting"" among U.S. adults is as follows:

- 34% of respondents worry a lot
- 31% worry a little
- 35% do not worry at all

Here's the JSON object representing the distribution:

```json
{
  ""distribution"": [
    0.34,  // 34% of respondents worry a lot
    0.31,  // 31% of respondents worry a little
    0.35   // 35% of respondents do not worry at all
  ]
}
```",0.2788145315487572
WORRYG_W26,llama31-instruct,3,"[0.22756795766177532, 0.5939379360115468, 0.1784941063266779]",100,0.1660620639884532,100,0.0475679576617753,"Based on the Pew Research Center's 2020 survey on Americans' worries about various issues, I will estimate the distribution of responses to the given survey item. The survey found that:

- 22% of respondents worried a lot about having a personal health crisis
- 44% worried a little
- 34% did not worry at all

Here's the estimated distribution in JSON format:

```json
{
  ""distribution"": [
    0.22,  // Worry a lot
    0.44,  // Worry a little
    0.34   // Do not worry at all
  ]
}
```",0.1615058936733221
SAFECRIME_W26,llama31-instruct,4,"[0.28114478114478114, 0.5738335738335738, 0.1188071188071188, 0.026214526214526215]",100,0.1073593073593073,100,0.1673593073593073,"Estimating the distribution of responses to a survey item can be a complex task that requires access to actual survey data. However, based on general trends and available data, I can provide a hypothetical estimate of the distribution of responses to the given Pew survey item.

According to a Pew Research Center survey conducted in 2020, the distribution of responses to a similar question about feeling safe in one's community is as follows:

- 63% of respondents said their community is very safe or somewhat safe.
- 21% said their community is not too safe.
- 12% said their community is not at ",0.3638335738335738
GUNIDENTITY_W26,llama31-instruct,4,"[0.2161144578313253, 0.20180722891566266, 0.3185240963855422, 0.2635542168674699]",100,0.3596686746987951,100,0.1496686746987952,"Based on a Pew Research Center survey conducted in 2019, the distribution of responses to the question ""How important, if at all, is being a gun owner to your overall identity?"" among U.S. adults is as follows:

- 34% of respondents chose ""Not at all important""
- 24% chose ""Not too important""
- 26% chose ""Somewhat important""
- 16% chose ""Very important""

Here's the JSON object representing the distribution of responses:

```json
{
  ""distribution"": [
    0.34,  // Not at all important
    0.24,  // Not too important
    0.26,  // Somewhat important
    0.16   // Very important
  ]
}
```",0.162078313253012
SHOOTFREQ_W26,llama31-instruct,4,"[0.05524518932340161, 0.18684047175667287, 0.2880198634388578, 0.46989447548106766]",100,0.3319801365611421,98,0.0589189120713462,"Please note that I'll be providing a hypothetical estimate based on available data from the Pew Research Center's 2020 survey on gun ownership and attitudes. The actual distribution may vary based on the specific survey and population.

According to the Pew Research Center's 2020 survey, the distribution of responses to the question ""How often, if ever, do you go shooting or to a gun range?"" among U.S. adults is as follows:

- Often: 4%
- Sometimes: 14%
- Rarely: 24%
- Never: 58%

Here's the JSON object representing the estimated distribution:

```json
{
  ""distribution"": [
    0.04,  // Often",0.1101055245189323
GUNACCESS_W26,llama31-instruct,4,"[0.34467120181405897, 0.1670445956160242, 0.12169312169312169, 0.36659108087679515]",96,0.3762991307634165,97,0.3364580654713203,"Estimating the distribution of responses to a survey item can be a complex task that requires access to actual survey data. However, I can provide a hypothetical example based on general trends and available data.

According to a 2020 survey conducted by the Pew Research Center, about 45% of U.S. adults reported having a gun in their home, and about 30% of those gun owners reported keeping their guns loaded and easily accessible.

Assuming a similar distribution, we can estimate the response probabilities as follows:

- About 45% of respondents have a gun in their home, and about 30% of those ",0.2112622826908541
GUNCONTRIBA_W26,llama31-instruct,4,"[0.31573873222463245, 0.2812725958062184, 0.26367799469751746, 0.1393106772716317]",100,0.2087274041937816,100,0.4387274041937816,"Estimating the distribution of responses to a Pew survey item requires making assumptions based on available data. According to a Pew Research Center survey conducted in 2020, the distribution of responses to the question ""How much, if at all, do you think the ease with which people can legally obtain guns contributes to gun violence in the country today?"" among U.S. adults is as follows:

- 44% of respondents chose ""A great deal""
- 31% chose ""A fair amount""
- 17% chose ""Not too much""
- 8% chose ""Not at all""

Based on these figures, the estimated distribution of responses can be represented as",0.1529886719691491
GUNCONTRIBB_W26,llama31-instruct,4,"[0.5826714801444043, 0.3025270758122744, 0.08134777376654632, 0.03345367027677497]",100,0.3061251504211792,100,0.5161251504211792,"Estimating the distribution of responses to a Pew survey item requires making assumptions based on available data. According to a Pew Research Center survey conducted in 2020, the distribution of responses to the question ""How much, if at all, do you think the ease with which people can illegally obtain guns contributes to gun violence in the country today?"" among U.S. adults is as follows:

- 44% of respondents chose ""A great deal""
- 31% chose ""A fair amount""
- 17% chose ""Not too much""
- 8% chose ""Not at all""

Based on these figures, the estimated distribution of responses can be represented ",0.1426714801444043
GUNCONTRIBC_W26,llama31-instruct,4,"[0.24793789422610382, 0.3726346433770015, 0.30858806404657935, 0.07083939835031539]",100,0.5014119359534207,100,0.2905725376031052,"Estimating the distribution of responses to a survey item can be a complex task, as it depends on various factors such as the population being surveyed, the survey design, and the time period in which the survey was conducted. However, I can provide a hypothetical estimate based on past Pew Research Center surveys on this topic.

According to a 2020 Pew Research Center survey, here is a possible distribution of responses:

- A great deal: 15%
- A fair amount: 30%
- Not too much: 40%
- Not at all: 15%

Here is the JSON object representing this distribution:

```json
{
  ""distribution"": [
    0.",0.1705725376031053
GUNCONTRIBD_W26,llama31-instruct,4,"[0.24052478134110788, 0.41156462585034015, 0.2725947521865889, 0.07531584062196307]",100,0.1779105928085519,100,0.1684353741496598,"I'll provide an estimate based on a Pew Research Center survey conducted in 2020. The survey found the following distribution of responses to the question:

- A great deal: 34%
- A fair amount: 31%
- Not too much: 23%
- Not at all: 12%

Here's a JSON object representing the estimated distribution:

```json
{
  ""distribution"": [
    0.34,  // A great deal
    0.31,  // A fair amount
    0.23,  // Not too much
    0.12   // Not at all
  ]
}
```",0.144159378036929
GUN_W26,qwen25-instruct,2,"[0.3232003891050584, 0.6767996108949417]",100,0.0367996108949416,100,0.0532003891050583,"To provide an estimate for the distribution of responses to this Pew survey item, we can refer to recent Pew Research Center data on gun ownership in the United States. According to Pew Research, approximately 39% of U.S. adults own a gun, while about 61% do not.

Based on these figures, the estimated distribution would be:

- Option 1: Yes, I own a gun - 0.39
- Option 2: No, I don't own any guns - 0.61

Here is the JSON object with the requested format:

```json
{
  ""distribution"": [0.39, 0.61]
}
```",0.0667996108949416
GUN1_W26,qwen25-instruct,2,"[0.28032148075986363, 0.7196785192401364]",100,0.0396785192401363,100,0.0703214807598636,"To provide an accurate distribution, I would need access to the latest Pew Research Center data on this specific question. However, based on recent Pew Research surveys, a common estimate for the distribution of responses to this question might be around 30% for ""Yes"" and 70% for ""No"". 

Here is the JSON object with the estimated distribution:

```json
{
  ""distribution"": [0.3, 0.7]
}
```

This reflects that approximately 30% of U.S. adults might indicate that someone else in their household owns a gun, while about 70% would say no one else in their household owns a gun. Please note that these",0.0196785192401363
EVEROWN_W26,qwen25-instruct,2,"[0.15931108719052745, 0.8406889128094726]",100,0.1306889128094725,99,0.2649313370518967,"```json
{
  ""distribution"": [0.34, 0.66]
}
```

Note: These probabilities are based on a general estimate and may vary depending on the specific time period and other factors. As of recent surveys, approximately 34% of U.S. adults have owned a gun at some point in their lives, while about 66% have never owned a gun.",0.1806889128094725
NEVEROWN_W26,qwen25-instruct,2,"[0.7121212121212122, 0.2878787878787879]",100,0.3221212121212121,100,0.4221212121212121,"To provide an accurate distribution, we would need to refer to actual Pew Research Center data or similar surveys that have asked this specific question. Since I don't have access to real-time databases or the latest survey results, I will make an educated guess based on general trends observed in previous Pew Research surveys on gun ownership and attitudes towards guns in the United States.

Based on typical findings from such surveys, a plausible distribution might be:

- Option 1: 45% (I could never see myself not owning a gun)
- Option 2: 55% (I could see myself not owning a gun at some po",0.2621212121212121
EVERSHOT_W26,qwen25-instruct,2,"[0.7690086621751684, 0.23099133782483156]",100,0.4990086621751683,100,0.5690086621751684,"To estimate the distribution of responses to this Pew survey item, we need to consider general statistics on gun ownership and familiarity with firearms in the United States. According to various surveys and studies, a significant portion of U.S. adults have never fired a gun, while a smaller portion has.

Based on available data, approximately 75-80% of U.S. adults have never fired a gun, and about 20-25% have. For the sake of this estimation, let's use 75% for those who have never fired a gun and 25% for those who have.

Here is the JSON object:

```json
{
  ""distribution"": [0.75, 0.25]
}
``",0.0190086621751684
GUNSOCIETY_W26,qwen25-instruct,2,"[0.4267578125, 0.5732421875]",100,0.0367578124999999,100,0.1867578125,"To provide an estimate for the distribution of responses to this Pew survey item, we would typically need to refer to recent Pew Research Center data or similar surveys. Since I don't have access to real-time databases, I'll provide a hypothetical distribution based on common trends observed in such surveys.

Let's assume that according to recent surveys, about 55% of U.S. adults feel that society tends to look at most gun owners in a positive way, and 45% feel it in a negative way. This is a common split in such surveys but may vary depending on current events and public opinion.

Here is the",0.1232421875
GUNCOMMUNITY_W26,qwen25-instruct,2,"[0.6387460200832721, 0.3612539799167279]",100,0.048746020083272,100,0.1987460200832721,"To provide an estimate for the distribution of responses to this Pew survey item, we would need to refer to recent Pew Research Center data or similar surveys. Since I don't have access to real-time databases, I will provide a hypothetical distribution based on typical findings from such surveys.

Let's assume that according to recent Pew Research Center data, approximately 60% of U.S. adults feel that people in their local community tend to look at most gun owners in a positive way, and 40% feel they look at them in a negative way.

Here is the JSON object with the estimated distribution:

``",0.0387460200832721
GUNCOURSES_W26,qwen25-instruct,2,"[0.38229618909792573, 0.6177038109020743]",100,0.0877038109020742,100,0.0122961890979257,"To provide an accurate distribution, I would need to refer to recent Pew Research Center data or similar surveys that have asked this question. Since I don't have access to real-time databases, I'll use hypothetical values based on typical survey results for such questions.

Let's assume that according to recent surveys, about 40% of U.S. adults have taken gun safety courses and 60% have not. This gives us the following distribution:

- Option 1 (Yes): 0.40
- Option 2 (No): 0.60

Here is the JSON object with the requested format:

```json
{
  ""distribution"": [0.40, 0.60]
}
```",0.0177038109020742
WORLDDANGER_W26,qwen25-instruct,3,"[0.0969449121962954, 0.704354101515516, 0.1987009862881886]",100,0.1987009862881886,100,0.1987009862881885,"Based on recent Pew Research Center surveys and general trends, here's an estimated distribution of responses:

- Option 1 (We live in a safer world): 30%
- Option 2 (We live in a more dangerous world): 45%
- Option 3 (The world we live in is neither safer nor more dangerous): 25%

Here is the JSON object with the specified format:

```json
{
  ""distribution"": [0.3, 0.45, 0.25]
}
```",0.2543541015155159
WORRYA_W26,qwen25-instruct,3,"[0.11707789066279632, 0.5892597968069666, 0.29366231253023706]",100,0.3907402031930334,100,0.1407402031930333,"To estimate the distribution of responses for this survey item, we can use general knowledge about public opinion and crime rates in the United States. Based on typical survey results and public sentiment, here's an estimated distribution:

- Option 1 (Worry a lot): 25%
- Option 2 (Worry a little): 45%
- Option 3 (Do not worry at all): 30%

Now, let's convert these percentages into probabilities that sum up to 1.0:

```json
{
  ""distribution"": [0.25, 0.45, 0.30]
}
```

This JSON object represents the estimated probability distribution for the given survey question.",0.1392597968069666
WORRYB_W26,qwen25-instruct,3,"[0.08619854721549637, 0.4450363196125908, 0.4687651331719128]",100,0.5549636803874092,100,0.3849636803874091,"Based on recent Pew Research Center surveys and general trends, we can estimate the distribution of responses for this question. However, since I don't have access to real-time data, I'll provide an educated guess based on typical findings from similar surveys.

A common distribution might look like this:

- 40% of respondents worry a lot.
- 45% of respondents worry a little.
- 15% of respondents do not worry at all.

Here's the JSON object with the estimated distribution:

```json
{
  ""distribution"": [0.4, 0.45, 0.15]
}
```

Please note that these values are approximations and may vary depend",0.3187651331719128
WORRYC_W26,qwen25-instruct,3,"[0.1543726235741445, 0.4091254752851711, 0.43650190114068443]",100,0.3508745247148289,100,0.3108745247148289,"To estimate the distribution of responses for the given Pew survey item, we can use general trends from previous surveys or make an educated guess based on common scenarios. According to various surveys and studies, the distribution might look something like this:

- A significant portion of people might worry a lot.
- Another segment might worry a little.
- The remaining portion might not worry at all.

For this estimation, let's assume the following distribution:

- 40% (0.4) worry a lot.
- 45% (0.45) worry a little.
- 15% (0.15) do not worry at all.

Here is the JSON object representing thi",0.2865019011406844
WORRYD_W26,qwen25-instruct,3,"[0.2295160517489219, 0.42453282223287014, 0.34595112601820793]",100,0.1154671777671298,100,0.084048873981792,"To estimate the distribution of responses for this survey item, we can use general knowledge about public opinion and financial stress in the United States. Based on various surveys and studies, a reasonable estimate might be:

- A significant portion of the population worries a lot about not being able to pay their bills.
- A moderate number of people worry a little.
- A smaller portion does not worry at all.

Here's an estimated distribution:

- Option 1 (Worry a lot): 40%
- Option 2 (Worry a little): 45%
- Option 3 (Do not worry at all): 15%

Now, let's convert these percentages into probab",0.1959511260182079
WORRYE_W26,qwen25-instruct,3,"[0.07446300715990453, 0.5221957040572792, 0.4033412887828162]",100,0.4678042959427207,100,0.3878042959427208,"To estimate the distribution of responses for this Pew survey item, we can use historical data or general trends from similar surveys. According to various Pew Research Center reports and other surveys, the distribution might look something like this:

- About 40% of U.S. adults worry a lot.
- About 45% of U.S. adults worry a little.
- About 15% of U.S. adults do not worry at all.

Based on these estimates, here is the JSON object:

```json
{
  ""distribution"": [0.4, 0.45, 0.15]
}
```

This distribution reflects the estimated probabilities that a randomly selected U.S. adult would choose each o",0.3255369928400955
WORRYF_W26,qwen25-instruct,3,"[0.06118546845124283, 0.3365200764818356, 0.6022944550669216]",100,0.6634799235181644,100,0.5422944550669215,"To estimate the distribution of responses to this Pew survey item, we can use hypothetical data based on previous Pew Research Center findings or general public opinion trends. According to Pew Research Center surveys, the distribution for concerns about being a victim of a mass shooting has varied but generally shows that a significant portion of the population worries about it, with a smaller portion not worrying at all.

For this estimation, let's assume the following distribution:

- 40% of respondents worry a lot.
- 45% of respondents worry a little.
- 15% of respondents do not worry at a",0.4522944550669215
WORRYG_W26,qwen25-instruct,3,"[0.22756795766177532, 0.5939379360115468, 0.1784941063266779]",100,0.2824320423382247,100,0.1684941063266779,"To estimate the distribution of responses for this survey item, we can use general knowledge and trends from similar surveys. Based on typical findings, a reasonable estimate might be:

- 40% of respondents would ""Worry a lot""
- 45% of respondents would ""Worry a little""
- 15% of respondents would ""Do not worry at all""

Here's the JSON object based on these estimates:

```json
{
  ""distribution"": [0.4, 0.45, 0.15]
}
```

Please note that these percentages are hypothetical and based on common survey results. For precise data, one should refer to actual Pew Research Center reports or similar stud",0.1724320423382246
SAFECRIME_W26,qwen25-instruct,4,"[0.28114478114478114, 0.5738335738335738, 0.1188071188071188, 0.026214526214526215]",100,0.3900481000481001,100,0.3700481000481,"Based on recent Pew Research Center surveys and general trends, we can estimate the distribution of responses for this question. However, since I don't have access to real-time data, I will provide an estimated distribution based on typical findings from similar surveys.

Here's a plausible distribution:

- Very safe: 35%
- Somewhat safe: 40%
- Not too safe: 15%
- Not at all safe: 10%

Now, let's convert these percentages into probabilities that sum up to 1.0:

```json
{
  ""distribution"": [0.35, 0.40, 0.15, 0.10]
}
```

This JSON object represents the estimated probability distribution for the",0.1738335738335738
GUNIDENTITY_W26,qwen25-instruct,4,"[0.2161144578313253, 0.20180722891566266, 0.3185240963855422, 0.2635542168674699]",100,0.3596686746987951,100,0.1535542168674698,"Based on Pew Research Center data and general trends, we can estimate the distribution of responses for this question. Here's an estimated distribution:

```json
{
  ""distribution"": [0.15, 0.35, 0.35, 0.15]
}
```

This distribution assumes that 15% of respondents find being a gun owner to be very important, 35% find it somewhat important, 35% find it not too important, and 15% find it not at all important. These percentages are hypothetical and based on typical survey results from similar questions.",0.1796686746987951
SHOOTFREQ_W26,qwen25-instruct,4,"[0.05524518932340161, 0.18684047175667287, 0.2880198634388578, 0.46989447548106766]",100,0.0951396648044693,100,0.2901055245189323,"To estimate the distribution of responses for this Pew survey item, we need to consider typical patterns of gun ownership and usage in the United States. Based on various surveys and studies, here's an estimated distribution:

- ""Often"" (Option 1): This would likely be a smaller group, as frequent shooting at ranges is not common among all gun owners.
- ""Sometimes"" (Option 2): This is a more common response, reflecting regular but not frequent use.
- ""Rarely"" (Option 3): This would include those who own guns but do not frequently use them.
- ""Never"" (Option 4): This includes individuals who do",0.3251396648044692
GUNACCESS_W26,qwen25-instruct,4,"[0.34467120181405897, 0.1670445956160242, 0.12169312169312169, 0.36659108087679515]",100,0.5117157974300832,99,0.4915137772280629,"To estimate the distribution of responses to this Pew survey item, we need to consider the typical distribution of opinions on this topic in the U.S. population. Given the sensitivity of the question, it's important to note that these are rough estimates and may vary based on different studies or surveys.

Here's a plausible distribution:

- Option 1 (All of the time): 5%
- Option 2 (Most of the time): 15%
- Option 3 (Only some of the time): 60%
- Option 4 (Never): 20%

These percentages reflect a scenario where a significant portion of the population has guns that are not always accessible, w",0.4783068783068783
GUNCONTRIBA_W26,qwen25-instruct,4,"[0.31573873222463245, 0.2812725958062184, 0.26367799469751746, 0.1393106772716317]",100,0.4142612677753675,100,0.3529886719691492,"To estimate the distribution of responses to this Pew survey item, we need to consider general public opinion trends on gun control and gun violence. Based on typical survey results and public opinion data, here's an estimated distribution:

- Option 1: ""A great deal"" - This would likely be a smaller percentage as it represents the most extreme view.
- Option 2: ""A fair amount"" - This is a moderate view and would likely be more common than the previous option.
- Option 3: ""Not too much"" - This is a middle-ground view and might be the most common response.
- Option 4: ""Not at all"" - This would ",0.2970113280308509
GUNCONTRIBB_W26,qwen25-instruct,4,"[0.5826714801444043, 0.3025270758122744, 0.08134777376654632, 0.03345367027677497]",100,0.3073285198555956,100,0.2474729241877256,"To estimate the distribution of responses to this Pew survey item, we would typically look at historical data from similar surveys or use demographic analysis. However, since I don't have access to real-time or specific historical Pew Research Center data, I will provide a hypothetical distribution based on common patterns observed in such surveys.

Here's a possible distribution:

- Option 1: A great deal - 35%
- Option 2: A fair amount - 35%
- Option 3: Not too much - 20%
- Option 4: Not at all - 10%

Now, let's convert these percentages into probabilities that sum up to 1.0:

```json
{
  ""d",0.2326714801444043
GUNCONTRIBC_W26,qwen25-instruct,4,"[0.24793789422610382, 0.3726346433770015, 0.30858806404657935, 0.07083939835031539]",100,0.5073653566229985,100,0.2587772925764192,"To estimate the distribution of responses to this Pew survey item, we need to consider general public opinion trends on the topic. Based on typical survey results and public opinion data, here's an estimated distribution:

- Option 1: ""A great deal"" - 15%
- Option 2: ""A fair amount"" - 30%
- Option 3: ""Not too much"" - 35%
- Option 4: ""Not at all"" - 20%

Now, let's convert these percentages into probabilities that sum up to 1.0:

```json
{
  ""distribution"": [0.15, 0.30, 0.35, 0.20]
}
```

This JSON object represents the estimated probability distribution for the given survey question.",0.1705725376031052
GUNCONTRIBD_W26,qwen25-instruct,4,"[0.24052478134110788, 0.41156462585034015, 0.2725947521865889, 0.07531584062196307]",100,0.3594752186588921,100,0.2084353741496598,"To estimate the distribution of responses to this Pew survey item, we need to consider general public opinion trends on the topic. Based on typical survey results and public opinion data, here's an estimated distribution:

- Option 1 (A great deal): 25%
- Option 2 (A fair amount): 40%
- Option 3 (Not too much): 25%
- Option 4 (Not at all): 10%

Now, let's convert these percentages into probabilities that sum up to 1.0:

```json
{
  ""distribution"": [0.25, 0.40, 0.25, 0.10]
}
```

This JSON object represents the estimated probability distribution for the given survey question.",0.034159378036929
GUN_W26,qwen3-8b,2,"[0.3232003891050584, 0.6767996108949417]",100,0.0567996108949416,100,0.0967996108949416,"{
  ""distribution"": [0.25, 0.75]
}",0.0732003891050583
GUN1_W26,qwen3-8b,2,"[0.28032148075986363, 0.7196785192401364]",100,0.0196785192401363,100,0.1796785192401363,"{
  ""distribution"": [0.65, 0.35]
}",0.3696785192401364
EVEROWN_W26,qwen3-8b,2,"[0.15931108719052745, 0.8406889128094726]",100,0.2006889128094725,100,0.3806889128094726,"{
  ""distribution"": [0.45, 0.55]
}",0.2906889128094725
NEVEROWN_W26,qwen3-8b,2,"[0.7121212121212122, 0.2878787878787879]",100,0.3421212121212121,100,0.3221212121212121,"{
  ""distribution"": [0.45, 0.55]
}",0.2621212121212121
EVERSHOT_W26,qwen3-8b,2,"[0.7690086621751684, 0.23099133782483156]",100,0.1490086621751684,100,0.0790086621751684,"{
  ""distribution"": [0.65, 0.35]
}",0.1190086621751684
GUNSOCIETY_W26,qwen3-8b,2,"[0.4267578125, 0.5732421875]",100,0.4167578125,100,0.0367578124999999,"{
  ""distribution"": [0.55, 0.45]
}",0.1232421875
GUNCOMMUNITY_W26,qwen3-8b,2,"[0.6387460200832721, 0.3612539799167279]",100,0.3787460200832721,100,0.2887460200832721,"{
  ""distribution"": [0.45, 0.55]
}",0.1887460200832721
GUNCOURSES_W26,qwen3-8b,2,"[0.38229618909792573, 0.6177038109020743]",100,0.0177038109020742,100,0.2477038109020742,"{
  ""distribution"": [0.35, 0.65]
}",0.0322961890979257
WORLDDANGER_W26,qwen3-8b,3,"[0.0969449121962954, 0.704354101515516, 0.1987009862881886]",100,0.1887009862881886,100,0.234354101515516,"{
  ""distribution"": [0.45, 0.35, 0.20]
}",0.354354101515516
WORRYA_W26,qwen3-8b,3,"[0.11707789066279632, 0.5892597968069666, 0.29366231253023706]",100,0.3807402031930333,100,0.1070778906627963,"{
  ""distribution"": [0.35, 0.40, 0.25]
}",0.2329221093372036
WORRYB_W26,qwen3-8b,3,"[0.08619854721549637, 0.4450363196125908, 0.4687651331719128]",100,0.5149636803874091,100,0.0661985472154963,"{
  ""distribution"": [0.15, 0.35, 0.50]
}",0.0950363196125908
WORRYC_W26,qwen3-8b,3,"[0.1543726235741445, 0.4091254752851711, 0.43650190114068443]",100,0.5608745247148288,100,0.2108745247148289,"{
  ""distribution"": [0.35, 0.40, 0.25]
}",0.1956273764258555
WORRYD_W26,qwen3-8b,3,"[0.2295160517489219, 0.42453282223287014, 0.34595112601820793]",100,0.5554671777671298,100,0.2454671777671298,"{
  ""distribution"": [0.35, 0.40, 0.25]
}",0.120483948251078
WORRYE_W26,qwen3-8b,3,"[0.07446300715990453, 0.5221957040572792, 0.4033412887828162]",100,0.4478042959427207,100,0.0544630071599045,"{
  ""distribution"": [0.25, 0.40, 0.35]
}",0.1755369928400954
WORRYF_W26,qwen3-8b,3,"[0.06118546845124283, 0.3365200764818356, 0.6022944550669216]",100,0.6134799235181644,100,0.2834799235181644,"{
  ""distribution"": [0.25, 0.40, 0.35]
}",0.2522944550669216
WORRYG_W26,qwen3-8b,3,"[0.22756795766177532, 0.5939379360115468, 0.1784941063266779]",100,0.3360620639884533,100,0.1575679576617753,"{
  ""distribution"": [0.35, 0.45, 0.20]
}",0.1439379360115467
SAFECRIME_W26,qwen3-8b,4,"[0.28114478114478114, 0.5738335738335738, 0.1188071188071188, 0.026214526214526215]",100,0.2873593073593073,100,0.4011928811928812,"{
  ""distribution"": [0.35, 0.30, 0.25, 0.10]
}",0.2738335738335739
GUNIDENTITY_W26,qwen3-8b,4,"[0.2161144578313253, 0.20180722891566266, 0.3185240963855422, 0.2635542168674699]",100,0.3753614457831325,100,0.0796686746987951,"{
  ""distribution"": [0.25, 0.30, 0.25, 0.20]
}",0.132078313253012
SHOOTFREQ_W26,qwen3-8b,4,"[0.05524518932340161, 0.18684047175667287, 0.2880198634388578, 0.46989447548106766]",100,0.4651396648044693,100,0.2898944754810676,"{
  ""distribution"": [0.10, 0.25, 0.35, 0.30]
}",0.1698944754810676
GUNACCESS_W26,qwen3-8b,4,"[0.34467120181405897, 0.1670445956160242, 0.12169312169312169, 0.36659108087679515]",100,0.5883068783068783,100,0.5083068783068783,"{
  ""distribution"": [0.05, 0.10, 0.30, 0.55]
}",0.3617157974300832
GUNCONTRIBA_W26,qwen3-8b,4,"[0.31573873222463245, 0.2812725958062184, 0.26367799469751746, 0.1393106772716317]",100,0.4387274041937816,100,0.3850494094962641,"{
  ""distribution"": [0.15, 0.25, 0.35, 0.25]
}",0.1970113280308508
GUNCONTRIBB_W26,qwen3-8b,4,"[0.5826714801444043, 0.3025270758122744, 0.08134777376654632, 0.03345367027677497]",100,0.4861251504211792,100,0.5061251504211793,"{
  ""distribution"": [0.25, 0.30, 0.25, 0.20]
}",0.3351985559566787
GUNCONTRIBC_W26,qwen3-8b,4,"[0.24793789422610382, 0.3726346433770015, 0.30858806404657935, 0.07083939835031539]",100,0.6414119359534207,100,0.4514119359534206,"{
  ""distribution"": [0.15, 0.25, 0.35, 0.25]
}",0.2205725376031052
GUNCONTRIBD_W26,qwen3-8b,4,"[0.24052478134110788, 0.41156462585034015, 0.2725947521865889, 0.07531584062196307]",100,0.2284353741496598,100,0.2258406219630709,"{
  ""distribution"": [0.25, 0.30, 0.25, 0.20]
}",0.134159378036929
