item_key,baseline_tv,ppa_tv,describe_tv,vs_tv,domain,pew_entropy,entropy_bucket,source
SOCIETY_TRANS_W92,0.3092094861660078,0.3901778656126481,0.0983201581027668,0.1538537549407114,VALUES,0.9817487055198236,HI_ENT,E6_50
SOCIETY_RELG_W92,0.3715256245679865,0.2885583094697344,0.082038115927718,0.1985583094697344,VALUES,0.9374096029617698,HI_ENT,E6_50
SOCIETY_GUNS_W92,0.524029484029484,0.444029484029484,0.1116707616707616,0.157076167076167,VALUES,0.9288714361594976,HI_ENT,E6_50
SOCIETY_SSM_W92,0.5000857058417889,0.4464023248940991,0.216402324894099,0.216402324894099,VALUES,0.9413975263762504,HI_ENT,E6_50
LEGALIMMIGAMT_W92,0.4644255744255744,0.3144255744255744,0.1475524475524476,0.1475524475524476,VALUES,0.8954820302260449,HI_ENT,E6_50
ETHNCMAJMOD_W41,0.4210862619808306,0.4270447284345048,0.1721246006389776,0.2510383386581469,VALUES,0.902579450393459,HI_ENT,E6_50
INTRMAR_W41,0.3907655502392344,0.4207655502392344,0.241786283891547,0.3417862838915471,VALUES,0.846769645269103,LO_ENT,E6_50
RACESURV5b_W43,0.677633262260128,0.4476332622601279,0.0974718245507158,0.2438927809929942,VALUES,0.9062148486207112,HI_ENT,E6_50
ECON5_d_W54,0.4373826291079812,0.3250704225352112,0.2866784037558685,0.2626173708920188,FACTS,0.837677141460286,LO_ENT,E6_50
ECON5_b_W54,0.2972502937720329,0.3147121034077556,0.4707990599294948,0.4707990599294948,FACTS,0.7465292230497357,LO_ENT,E6_50
EAT1_W34,0.5755766192733017,0.3655766192733017,0.2640600315955766,0.2140600315955766,FACTS,0.8322097274819258,LO_ENT,E6_50
EAT2_W34,0.6238735177865612,0.4138735177865613,0.1719367588932806,0.1719367588932806,FACTS,0.8795797615239471,LO_ENT,E6_50
PP1_W49,0.6820948802254581,0.1940582433067167,0.3701033348990136,0.2201033348990136,FACTS,0.888037860189127,LO_ENT,E6_50
CAREREL_W27,0.5217264791464598,0.4017264791464598,0.1289039767216294,0.1289039767216294,FACTS,0.9174688557453908,HI_ENT,E6_50
CARS4_W27,0.4014050387596899,0.3514050387596898,0.2485949612403101,0.1985949612403101,VALUES,0.7125298591556447,LO_ENT,E6_50
COHABDUR_W50,0.4434398034398035,0.3856511056511056,0.1443488943488943,0.1443488943488943,FACTS,0.9922674090560692,HI_ENT,E6_50
ECON5_a_W54,0.4749692172383465,0.4149692172383465,0.1450307827616534,0.1450307827616534,VALUES,0.9526848767968992,HI_ENT,E6_50
ECON5_c_W54,0.4712283787745528,0.621228378774553,0.2103781882145998,0.3103781882145998,VALUES,0.9215528550778718,HI_ENT,E6_50
ECON5_e_W54,0.368575624082232,0.4605139500734215,0.1543318649045521,0.3314243759177679,VALUES,0.9155859748874028,HI_ENT,E6_50
ECON5_f_W54,0.5098175397292525,0.5798175397292525,0.1206592113007651,0.3206592113007651,VALUES,0.9305846011093288,HI_ENT,E6_50
ECON5_g_W54,0.7116656822209095,0.5716656822209096,0.0809509746012994,0.0809509746012994,VALUES,0.9460655979928682,HI_ENT,E6_50
ECON5_h_W54,0.4819952774498229,0.3607792207792207,0.1680047225501771,0.218004722550177,VALUES,0.9780087498397604,HI_ENT,E6_50
ECON5_i_W54,0.6536428149024246,0.3805913660555884,0.1994086339444115,0.1994086339444115,VALUES,0.9837695830048342,HI_ENT,E6_50
ECON5_j_W54,0.3669508967950603,0.4745074977947662,0.1724198765069096,0.3330491032049396,VALUES,0.926167990268708,HI_ENT,E6_50
ECON5_k_W54,0.5337758112094395,0.3929498525073746,0.1529498525073746,0.1415929203539823,VALUES,0.9452987236699494,HI_ENT,E6_50
FAMSURV17_W50,0.2192821587634268,0.1792821587634267,0.2611082001571915,0.2508121561435682,VALUES,0.7738320668407188,LO_ENT,E6_50
IMPREASONGUN_W26,0.4990583804143126,0.4990583804143126,0.0645951035781544,0.0586629001883239,VALUES,0.7814533855688331,LO_ENT,E6_50
INDUSTRY_W27,0.124486301369863,0.214486301369863,0.2688356164383562,0.2619863013698629,FACTS,0.9488693898600896,HI_ENT,E6_50
MARRDUR_W50,0.1894691647150663,0.2526908428547773,0.3205308352849336,0.3205308352849336,FACTS,0.8414301609427842,LO_ENT,E6_50
ORIENTATIONMOD_W50,0.0901011339258351,0.060101133925835,0.0598988660741649,0.2144274185310042,VALUES,0.2606249815651526,LO_ENT,E6_50
RACESURV18a_W43,0.2589749430523917,0.1898101746393318,0.2249430523917995,0.2241078208048595,VALUES,0.8243947107841948,LO_ENT,E6_50
RACESURV18b_W43,0.6897262773722628,0.5497262773722627,0.320316301703163,0.320316301703163,VALUES,0.8456347424461519,LO_ENT,E6_50
RACESURV18c_W43,0.6127316924946824,0.4201914311759344,0.2339562443026435,0.2339562443026435,VALUES,0.8024150682750912,LO_ENT,E6_50
RACESURV18d_W43,0.4236323551771324,0.26784400182454,0.2663676448228675,0.2903071309107496,VALUES,0.7438904905869392,LO_ENT,E6_50
RACESURV18e_W43,0.527380410022779,0.3307137433561123,0.3450645406226272,0.3450645406226272,VALUES,0.8361306074074484,LO_ENT,E6_50
RACESURV18f_W43,0.6132699619771863,0.4832699619771863,0.4309885931558935,0.3809885931558935,VALUES,0.7838807215360456,LO_ENT,E6_50
RACESURV2_W43,0.1888405797101449,0.1216908212560386,0.3157004830917875,0.2671497584541063,VALUES,0.6669984433128923,LO_ENT,E6_50
RACESURV34a_W43,0.3238098140810728,0.2438098140810728,0.1266991770801585,0.1266991770801585,FACTS,0.8915783813084388,HI_ENT,E6_50
RACESURV34b_W43,0.3787956204379562,0.3119282238442822,0.0812043795620438,0.0812043795620438,VALUES,0.915558239166904,HI_ENT,E6_50
RACESURV34c_W43,0.4114529134337441,0.4824889700289061,0.1514529134337441,0.112848014605203,FACTS,0.9834454321381676,HI_ENT,E6_50
RACESURV34d_W43,0.3218121009425357,0.1563910003040437,0.3881878990574642,0.3881878990574643,FACTS,0.6601532945956163,LO_ENT,E6_50
RACESURV34e_W43,0.6476777828536623,0.4276777828536622,0.2211207552916095,0.1711207552916095,FACTS,0.8243404627567924,LO_ENT,E6_50
RACESURV40_W43,0.3303076923076923,0.1503076923076923,0.2996923076923077,0.2496923076923076,FACTS,0.6380343193962122,LO_ENT,E6_50
RACESURV41_W43,0.5633908321354416,0.2533908321354416,0.2910637278390033,0.2910637278390033,VALUES,0.7326023524448203,LO_ENT,E6_50
RACESURV44_W43,0.3954384342733857,0.19735860687317,0.3045615657266142,0.2545615657266142,FACTS,0.6867799735677762,LO_ENT,E6_50
RACESURV45_W43,0.5763478562749523,0.5163478562749523,0.3363478562749522,0.3363478562749522,VALUES,0.7526448609427516,LO_ENT,E6_50
RACESURV47a_W43,0.5656067961165049,0.4756067961165048,0.2256067961165048,0.1929004854368932,VALUES,0.9843778367361354,HI_ENT,E6_50
RACESURV47b_W43,0.3203941782898726,0.3481503941782898,0.1087022437841115,0.1003941782898726,VALUES,0.9180000417132268,HI_ENT,E6_50
RACESURV47c_W43,0.2531876138433515,0.2531876138433515,0.1075288403157255,0.2075288403157255,VALUES,0.5446596732828334,LO_ENT,E6_50
RACESURV47d_W43,0.5679878048780488,0.4158536585365854,0.1003048780487804,0.1003048780487804,VALUES,0.9647705044775556,HI_ENT,E6_50
AGEMAJ_W41,0.4776106900678101,0.35714798564020744,0.3060231352213802,0.25285201435979254,VALUES,0.8487740579662572,LO_ENT,E13_50
CLASS_W32,0.08975829842088304,0.10364485981308412,0.21318079278117952,0.09513374154044471,VALUES,0.7761615012764201,LO_ENT,E13_50
COMMYRS_W32,0.33882663678565716,0.34882663678565706,0.21117336321434288,0.25499439731070916,FACTS,0.8912243489684725,LO_ENT,E13_50
FAMNEAR_W32,0.6368714168714169,0.32268632268632275,0.2377149877149877,0.19352989352989353,FACTS,0.7148239974618429,LO_ENT,E13_50
GAP21Q15_a_W82,0.6008517228029423,0.5908517228029424,0.162175764614789,0.17524196670538134,VALUES,0.8922636012851847,HI_ENT,E13_50
GAP21Q15_b_W82,0.48760650658404336,0.3301859024012394,0.19713400464756003,0.19713400464756003,VALUES,0.8538510912577898,LO_ENT,E13_50
GAP21Q15_c_W82,0.5789404485692189,0.25846867749419955,0.1677107501933488,0.1677107501933488,VALUES,0.8279417457219748,LO_ENT,E13_50
GAP21Q15_d_W82,0.5415695415695415,0.4515695415695416,0.2720668220668221,0.2720668220668221,VALUES,0.6939419151324957,LO_ENT,E13_50
GAP21Q15_e_W82,0.681656346749226,0.428250773993808,0.27321981424148606,0.27321981424148606,VALUES,0.735729380495081,LO_ENT,E13_50
GAP21Q15_f_W82,0.6990668740279937,0.3690668740279939,0.18351477449455675,0.29828926905132197,VALUES,0.8025127125743906,LO_ENT,E13_50
MADEUPSMCLICK_W45,0.6091172595520422,0.24341677646025472,0.10770750988142286,0.3077075098814229,FACTS,0.8840964465567805,LO_ENT,E13_50
NEIGHINTERA_W32,0.6739142187781582,0.38391421877815823,0.11616507478825013,0.15477563524959453,FACTS,0.9470152656345043,HI_ENT,E13_50
NEIGHINTERB_W32,0.6856379100850547,0.35034021871202914,0.2911907654921021,0.2764884568651276,FACTS,0.8242200999369056,LO_ENT,E13_50
NEIGHINTERC_W32,0.4731396500495213,0.3338824694618686,0.2183558930340046,0.2183558930340046,FACTS,0.8845842374403372,LO_ENT,E13_50
NEIGHINTERD_W32,0.11262679258481983,0.373920951381602,0.2512941587967821,0.2512941587967821,FACTS,0.5554404068157708,LO_ENT,E13_50
NEIGHSAMEA_W32,0.34381642512077293,0.31524959742351044,0.24782608695652175,0.24782608695652175,FACTS,0.8597958115414127,LO_ENT,E13_50
NEIGHSAMEB_W32,0.46569105691056906,0.16569105691056912,0.2443089430894309,0.2443089430894309,FACTS,0.8153227303849041,LO_ENT,E13_50
NEIGHSAMEC_W32,0.5190392648287385,0.3105513784461153,0.15576441102756894,0.15576441102756894,FACTS,0.8343539066334568,LO_ENT,E13_50
NEWSPREFV2_W45,0.3242669942669943,0.21239148239148237,0.2676085176085176,0.2676085176085176,VALUES,0.867842616683985,LO_ENT,E13_50
PWMAN2_W49,0.46326554328878555,0.45326554328878554,0.3013073794305636,0.4013073794305636,VALUES,0.824185707601905,LO_ENT,E13_50
RACESURV47e_W43,0.5269406392694064,0.393455098934551,0.19345509893455096,0.09771689497716896,VALUES,0.9602273057694928,HI_ENT,E13_50
RACESURV47f_W43,0.5640401581989656,0.5640401581989656,0.16162153939762702,0.11162153939762703,VALUES,0.9047124926134709,HI_ENT,E13_50
RACESURV5a_W43,0.35664841849148415,0.07380170316301707,0.2133515815085158,0.2606143552311435,VALUES,0.8142579128493037,LO_ENT,E13_50
RACESURV5c_W43,0.43567863664029216,0.37569080949482647,0.25432136335970784,0.25432136335970784,VALUES,0.9021878882185733,HI_ENT,E13_50
RACESURV5d_W43,0.13932937052278618,0.3612879134278312,0.13419448254839203,0.13419448254839203,VALUES,0.8521682244309428,LO_ENT,E13_50
RACESURV5e_W43,0.787351598173516,0.6773515981735159,0.12260273972602741,0.15806697108066972,VALUES,0.9228828912704456,HI_ENT,E13_50
RACESURV5f_W43,0.4722954822954823,0.4122954822954823,0.21770451770451774,0.21770451770451774,VALUES,0.8137856660352552,LO_ENT,E13_50
RACESURV5g_W43,0.6152984165651645,0.5752984165651644,0.36656516443361753,0.21656516443361754,VALUES,0.8235743431089331,LO_ENT,E13_50
RACESURV5h_W43,0.42068230277185503,0.460682302771855,0.22634785257386542,0.22634785257386542,VALUES,0.8080206919721385,LO_ENT,E13_50
RACESURV5i_W43,0.210616459155785,0.4031491041603401,0.28478590950501065,0.28478590950501065,VALUES,0.8190094817335123,LO_ENT,E13_50
RACESURV5j_W43,0.4583824870781392,0.43838248707813926,0.24788689571298267,0.24788689571298267,VALUES,0.8896722993243887,LO_ENT,E13_50
RACESURV5k_W43,0.3122158229766596,0.3122158229766596,0.28778417702334036,0.3377841770233404,VALUES,0.5828188558007118,LO_ENT,E13_50
RACESURV5l_W43,0.19271623672230653,0.14389984825493174,0.5572837632776935,0.5572837632776935,VALUES,0.44121712773699845,LO_ENT,E13_50
RACESURV9_W43,0.2601527235703377,0.35015272357033767,0.2720431019854064,0.17219582555574411,VALUES,0.8343350557460991,LO_ENT,E13_50
RESTRICTWHO_W45,0.8738524860059269,0.2545044451761607,0.3915212380638788,0.3915212380638788,VALUES,0.7875451858708926,LO_ENT,E13_50
ROMRELDUR_W50,0.36485651214128034,0.29397350993377486,0.19602649006622516,0.19602649006622516,FACTS,0.9282618859019042,HI_ENT,E13_50
SMSHARE_W45,0.9217276912957684,0.9017276912957684,0.30556895417671565,0.30556895417671565,FACTS,0.8626471659792566,LO_ENT,E13_50
SOCIETY_JBCLL_W92,0.5680137999014292,0.5580137999014293,0.24507146377525868,0.24507146377525868,VALUES,0.9139872519626028,HI_ENT,E13_50
SOCIETY_RHIST_W92,0.4526306448432261,0.36263064484322627,0.06957207651350818,0.12246105304673635,VALUES,0.9665425102977752,HI_ENT,E13_50
SOCIETY_WHT_W92,0.5619628385056336,0.52657046847203,0.3465704684720301,0.44657046847202997,VALUES,0.7005244145450759,LO_ENT,E13_50
TRACKCO1a_W49,0.48084077031470174,0.3608407703147017,0.19401127289807424,0.3440112728980742,FACTS,0.80126212627616,LO_ENT,E13_50
TRACKCO1b_W49,0.5643233082706767,0.41432330827067676,0.09624060150375942,0.09624060150375942,FACTS,0.9204048567229861,HI_ENT,E13_50
TRACKGOV1a_W49,0.48274231678486995,0.54274231678487,0.11725768321513003,0.0918439716312057,FACTS,0.9445690311076276,HI_ENT,E13_50
TRACKGOV1b_W49,0.6483962264150943,0.500754716981132,0.2320754716981132,0.18207547169811317,FACTS,0.934123624739413,HI_ENT,E13_50
USMILSIZ_W92,0.36625931445603577,0.2959612518628912,0.20596125186289121,0.20596125186289116,VALUES,0.8708028745789401,LO_ENT,E13_50
WORRY2a_W54,0.4933430956216137,0.21210865426856057,0.1521086542685606,0.1365500073217162,FACTS,0.9884538378277968,HI_ENT,E13_50
WORRY2b_W54,0.22268132896583998,0.12439401029480582,0.17171268132896583,0.07185306504445482,FACTS,0.9235803169795762,HI_ENT,E13_50
WORRY2c_W54,0.19741303712364805,0.08446360713241742,0.1092955276235019,0.13446360713241742,FACTS,0.9788044159722219,HI_ENT,E13_50
WORRY2d_W54,0.4011631309436723,0.19564740307242137,0.10259692757863938,0.23240673006583762,FACTS,0.9354684835175011,HI_ENT,E13_50
WORRY2e_W54,0.43523795447827374,0.2652379544782737,0.1312001182382501,0.25761158734850725,FACTS,0.9509684823716283,HI_ENT,E13_50
